id,status,reason
1,missing,ID gap 1-17 (Not found in DB)
2,missing,ID gap 1-17 (Not found in DB)
3,missing,ID gap 1-17 (Not found in DB)
4,missing,ID gap 1-17 (Not found in DB)
5,missing,ID gap 1-17 (Not found in DB)
6,missing,ID gap 1-17 (Not found in DB)
7,missing,ID gap 1-17 (Not found in DB)
8,missing,ID gap 1-17 (Not found in DB)
9,missing,ID gap 1-17 (Not found in DB)
10,missing,ID gap 1-17 (Not found in DB)
11,missing,ID gap 1-17 (Not found in DB)
12,missing,ID gap 1-17 (Not found in DB)
13,missing,ID gap 1-17 (Not found in DB)
14,missing,ID gap 1-17 (Not found in DB)
15,missing,ID gap 1-17 (Not found in DB)
16,missing,ID gap 1-17 (Not found in DB)
17,missing,ID gap 1-17 (Not found in DB)
